[
{
  "model": "movies.genre",
  "pk": 1,
  "fields": {
    "name": "Action"
  }
},
{
  "model": "movies.genre",
  "pk": 2,
  "fields": {
    "name": "Comedy"
  }
},
{
  "model": "movies.genre",
  "pk": 3,
  "fields": {
    "name": "Drama"
  }
},
{
  "model": "movies.genre",
  "pk": 4,
  "fields": {
    "name": "Horror"
  }
},
{
  "model": "movies.genre",
  "pk": 5,
  "fields": {
    "name": "Romance"
  }
},
{
  "model": "movies.genre",
  "pk": 6,
  "fields": {
    "name": "Sci-Fi"
  }
},
{
  "model": "movies.genre",
  "pk": 7,
  "fields": {
    "name": "Thriller"
  }
},
{
  "model": "movies.genre",
  "pk": 8,
  "fields": {
    "name": "Animation"
  }
},
{
  "model": "movies.language",
  "pk": 1,
  "fields": {
    "name": "English"
  }
},
{
  "model": "movies.language",
  "pk": 2,
  "fields": {
    "name": "Hindi"
  }
},
{
  "model": "movies.language",
  "pk": 3,
  "fields": {
    "name": "Tamil"
  }
},
{
  "model": "movies.language",
  "pk": 4,
  "fields": {
    "name": "Telugu"
  }
},
{
  "model": "movies.language",
  "pk": 5,
  "fields": {
    "name": "Kannada"
  }
},
{
  "model": "movies.language",
  "pk": 6,
  "fields": {
    "name": "Marathi"
  }
},
{
  "model": "movies.movie",
  "pk": 1,
  "fields": {
    "name": "avengers",
    "image": "movies/635217f73e372771013edb4c-the-avengers-poster-marvel-movie-canvas1.jpg",
    "rating": "8.9",
    "cast": "rdj,steve,chris",
    "description": "Earth's mightiest heroes must come together and learn to fight as a team if they are going to stop the mischievous Loki and his alien army from enslaving ...",
    "trailer_url": "https://www.youtube.com/watch?v=eOrNdBpGMv8",
    "genre": [],
    "language": []
  }
},
{
  "model": "movies.movie",
  "pk": 2,
  "fields": {
    "name": "movie1",
    "image": "movies/download.jpeg",
    "rating": "6.7",
    "cast": "dve rg erg rge ger",
    "description": "erg erg erge ger geg",
    "trailer_url": null,
    "genre": [],
    "language": []
  }
},
{
  "model": "movies.movie",
  "pk": 3,
  "fields": {
    "name": "movie 3",
    "image": "movies/f5VK0h2bprRhR6iRrixcuEfRxSUF4l14F66vQYrsJGmKZ5nTA1.jpg",
    "rating": "5.6",
    "cast": "efwefwef",
    "description": "wefwefwef",
    "trailer_url": null,
    "genre": [],
    "language": []
  }
},
{
  "model": "movies.movie",
  "pk": 4,
  "fields": {
    "name": "movie4",
    "image": "movies/feUv2SYumXlT8E2RhzlYbZxfEGLG5AVrCPxP1gmAaCusxyPnA1.jpg",
    "rating": "6.3",
    "cast": "adcwefwe",
    "description": "fwefwefewfwe",
    "trailer_url": null,
    "genre": [],
    "language": []
  }
},
{
  "model": "movies.movie",
  "pk": 5,
  "fields": {
    "name": "ergeg",
    "image": "movies/IQsBhg9t747dLhjXfsChIGZy4XfugER8BF0Gw5MDhIcnY5nTA1.jpg",
    "rating": "9.9",
    "cast": "tujtyjyh",
    "description": "trhrthrthjr",
    "trailer_url": null,
    "genre": [],
    "language": []
  }
},
{
  "model": "movies.movie",
  "pk": 6,
  "fields": {
    "name": "Inception",
    "image": "movies/test_image.jpg",
    "rating": "8.8",
    "cast": "Leonardo DiCaprio, Ellen Page",
    "description": "This is a sample movie: Inception",
    "trailer_url": "https://www.youtube.com/watch?v=YoHD9XEInc0",
    "genre": [
      6,
      7
    ],
    "language": [
      1
    ]
  }
},
{
  "model": "movies.movie",
  "pk": 7,
  "fields": {
    "name": "The Dark Knight",
    "image": "movies/test_image_f8B5lp9.jpg",
    "rating": "9.0",
    "cast": "Christian Bale, Heath Ledger",
    "description": "This is a sample movie: The Dark Knight",
    "trailer_url": "https://www.youtube.com/watch?v=EXeTwQWrcwY",
    "genre": [
      1
    ],
    "language": [
      1
    ]
  }
},
{
  "model": "movies.movie",
  "pk": 8,
  "fields": {
    "name": "Forrest Gump",
    "image": "movies/test_image_Txq8VLd.jpg",
    "rating": "8.8",
    "cast": "Tom Hanks, Sally Field",
    "description": "This is a sample movie: Forrest Gump",
    "trailer_url": "https://www.youtube.com/watch?v=bLvqoHBptjg",
    "genre": [
      3,
      5
    ],
    "language": [
      1
    ]
  }
},
{
  "model": "movies.movie",
  "pk": 9,
  "fields": {
    "name": "The Shawshank Redemption",
    "image": "movies/test_image_MGXBsKq.jpg",
    "rating": "9.3",
    "cast": "Tim Robbins, Morgan Freeman",
    "description": "This is a sample movie: The Shawshank Redemption",
    "trailer_url": "https://www.youtube.com/watch?v=PLl99DlL6b4",
    "genre": [
      3
    ],
    "language": [
      1
    ]
  }
},
{
  "model": "movies.movie",
  "pk": 10,
  "fields": {
    "name": "Pulp Fiction",
    "image": "movies/test_image_5Jv4nm5.jpg",
    "rating": "8.9",
    "cast": "John Travolta, Uma Thurman",
    "description": "This is a sample movie: Pulp Fiction",
    "trailer_url": "https://www.youtube.com/watch?v=s7EdQ4FqbhY",
    "genre": [
      3
    ],
    "language": [
      1
    ]
  }
},
{
  "model": "movies.movie",
  "pk": 11,
  "fields": {
    "name": "Interstellar",
    "image": "movies/test_image_ioiL8O9.jpg",
    "rating": "8.6",
    "cast": "Matthew McConaughey, Anne Hathaway",
    "description": "This is a sample movie: Interstellar",
    "trailer_url": "https://www.youtube.com/watch?v=zSWdZVtXT7E",
    "genre": [
      3,
      6
    ],
    "language": [
      1
    ]
  }
},
{
  "model": "movies.movie",
  "pk": 12,
  "fields": {
    "name": "The Matrix",
    "image": "movies/test_image_q0jVCVj.jpg",
    "rating": "8.7",
    "cast": "Keanu Reeves, Laurence Fishburne",
    "description": "This is a sample movie: The Matrix",
    "trailer_url": "https://www.youtube.com/watch?v=vKQi3bBA1y8",
    "genre": [
      1,
      6
    ],
    "language": [
      1
    ]
  }
},
{
  "model": "movies.movie",
  "pk": 13,
  "fields": {
    "name": "Avengers: Endgame",
    "image": "movies/test_image_SvxJawB.jpg",
    "rating": "8.4",
    "cast": "Robert Downey Jr., Chris Evans",
    "description": "This is a sample movie: Avengers: Endgame",
    "trailer_url": "https://www.youtube.com/watch?v=TcMBFSGVi1c",
    "genre": [
      1,
      6
    ],
    "language": [
      1,
      2
    ]
  }
},
{
  "model": "movies.movie",
  "pk": 14,
  "fields": {
    "name": "The Godfather",
    "image": "movies/test_image_yV9nJIL.jpg",
    "rating": "9.2",
    "cast": "Marlon Brando, Al Pacino",
    "description": "This is a sample movie: The Godfather",
    "trailer_url": "https://www.youtube.com/watch?v=sY1S34973zA",
    "genre": [
      3
    ],
    "language": [
      1
    ]
  }
},
{
  "model": "movies.movie",
  "pk": 15,
  "fields": {
    "name": "Titanic",
    "image": "movies/test_image_syQeFFO.jpg",
    "rating": "7.8",
    "cast": "Leonardo DiCaprio, Kate Winslet",
    "description": "This is a sample movie: Titanic",
    "trailer_url": "https://www.youtube.com/watch?v=kVrqfYjkTdQ",
    "genre": [
      3,
      5
    ],
    "language": [
      1
    ]
  }
},
{
  "model": "movies.movie",
  "pk": 16,
  "fields": {
    "name": "3 Idiots",
    "image": "movies/test_image_Y3hcJkw.jpg",
    "rating": "8.4",
    "cast": "Aamir Khan, Madhavan",
    "description": "This is a sample movie: 3 Idiots",
    "trailer_url": "https://www.youtube.com/watch?v=K0eDlFX9GMc",
    "genre": [
      2,
      3
    ],
    "language": [
      2
    ]
  }
},
{
  "model": "movies.movie",
  "pk": 17,
  "fields": {
    "name": "Dangal",
    "image": "movies/test_image_xSmHQl0.jpg",
    "rating": "8.4",
    "cast": "Aamir Khan",
    "description": "This is a sample movie: Dangal",
    "trailer_url": "https://www.youtube.com/watch?v=x_7YlGv9u1g",
    "genre": [
      3
    ],
    "language": [
      2
    ]
  }
},
{
  "model": "movies.movie",
  "pk": 18,
  "fields": {
    "name": "PK",
    "image": "movies/test_image_wEGkSE9.jpg",
    "rating": "8.2",
    "cast": "Aamir Khan, Anushka Sharma",
    "description": "This is a sample movie: PK",
    "trailer_url": "https://www.youtube.com/watch?v=SOXWc32k4zA",
    "genre": [
      2,
      3
    ],
    "language": [
      2
    ]
  }
},
{
  "model": "movies.movie",
  "pk": 19,
  "fields": {
    "name": "Uri: The Surgical Strike",
    "image": "movies/test_image_wtMWZpZ.jpg",
    "rating": "7.8",
    "cast": "Vicky Kaushal",
    "description": "This is a sample movie: Uri: The Surgical Strike",
    "trailer_url": "https://www.youtube.com/watch?v=VVnf3Y6d87Y",
    "genre": [
      1,
      7
    ],
    "language": [
      2
    ]
  }
},
{
  "model": "movies.movie",
  "pk": 20,
  "fields": {
    "name": "Kabali",
    "image": "movies/test_image_Xq01lhk.jpg",
    "rating": "5.5",
    "cast": "Rajinikanth",
    "description": "This is a sample movie: Kabali",
    "trailer_url": "https://www.youtube.com/watch?v=9mdJV5-ei7g",
    "genre": [
      1
    ],
    "language": [
      3
    ]
  }
},
{
  "model": "movies.movie",
  "pk": 21,
  "fields": {
    "name": "Mersal",
    "image": "movies/test_image_YHBsaWf.jpg",
    "rating": "6.4",
    "cast": "Thalapathy Vijay",
    "description": "This is a sample movie: Mersal",
    "trailer_url": "https://www.youtube.com/watch?v=1D6hM5_zVo8",
    "genre": [
      1,
      7
    ],
    "language": [
      3
    ]
  }
},
{
  "model": "movies.movie",
  "pk": 22,
  "fields": {
    "name": "Baahubali",
    "image": "movies/test_image_9z4zZLX.jpg",
    "rating": "7.2",
    "cast": "Prabhas, Rana Daggubati",
    "description": "This is a sample movie: Baahubali",
    "trailer_url": "https://www.youtube.com/watch?v=G62HrubdD6o",
    "genre": [
      1
    ],
    "language": [
      3,
      4
    ]
  }
},
{
  "model": "movies.movie",
  "pk": 23,
  "fields": {
    "name": "Eega",
    "image": "movies/test_image_hQriIDV.jpg",
    "rating": "7.3",
    "cast": "Sai Dharam Tej",
    "description": "This is a sample movie: Eega",
    "trailer_url": null,
    "genre": [
      1
    ],
    "language": [
      4
    ]
  }
},
{
  "model": "movies.movie",
  "pk": 24,
  "fields": {
    "name": "Chandramukhi",
    "image": "movies/test_image_J1GoK2e.jpg",
    "rating": "7.1",
    "cast": "Rajinikanth, Nayantara",
    "description": "This is a sample movie: Chandramukhi",
    "trailer_url": null,
    "genre": [
      4,
      7
    ],
    "language": [
      3
    ]
  }
},
{
  "model": "movies.movie",
  "pk": 25,
  "fields": {
    "name": "Ghajini",
    "image": "movies/test_image_ZQFWUFj.jpg",
    "rating": "7.5",
    "cast": "Aamir Khan, Asin",
    "description": "This is a sample movie: Ghajini",
    "trailer_url": null,
    "genre": [
      1,
      7
    ],
    "language": [
      2,
      3
    ]
  }
},
{
  "model": "movies.movie",
  "pk": 26,
  "fields": {
    "name": "Queue Test Movie",
    "image": "movies/test_image.jpg",
    "rating": "8.0",
    "cast": "Tester",
    "description": "Queue test movie",
    "trailer_url": null,
    "genre": [],
    "language": []
  }
},
{
  "model": "movies.movie",
  "pk": 27,
  "fields": {
    "name": "Queue Check Movie 28d45165",
    "image": "movies/test_image.jpg",
    "rating": "8.1",
    "cast": "Tester",
    "description": "queue check",
    "trailer_url": null,
    "genre": [],
    "language": []
  }
},
{
  "model": "movies.movie",
  "pk": 28,
  "fields": {
    "name": "Skyline Legends",
    "image": "movies/skyline_legends_poster.jpg",
    "rating": "4.6",
    "cast": "Actor One, Actor Two",
    "description": "An action-packed adventure across the skyline.",
    "trailer_url": null,
    "genre": [
      1
    ],
    "language": [
      1
    ]
  }
},
{
  "model": "movies.movie",
  "pk": 29,
  "fields": {
    "name": "Heartbeats",
    "image": "movies/heartbeats_poster.jpg",
    "rating": "4.3",
    "cast": "Actor Three, Actor Four",
    "description": "A touching drama about family and resilience.",
    "trailer_url": null,
    "genre": [
      3
    ],
    "language": [
      2
    ]
  }
},
{
  "model": "movies.theater",
  "pk": 1,
  "fields": {
    "name": "rdj",
    "movie": 1,
    "time": "2024-10-31T21:09:53Z"
  }
},
{
  "model": "movies.theater",
  "pk": 2,
  "fields": {
    "name": "hjukuyku",
    "movie": 2,
    "time": "2024-10-23T06:00:00Z"
  }
},
{
  "model": "movies.theater",
  "pk": 3,
  "fields": {
    "name": "faea",
    "movie": 3,
    "time": "2024-10-21T12:00:00Z"
  }
},
{
  "model": "movies.theater",
  "pk": 4,
  "fields": {
    "name": "Queue Test Theater",
    "movie": 26,
    "time": "2026-03-25T06:46:25.179Z"
  }
},
{
  "model": "movies.theater",
  "pk": 5,
  "fields": {
    "name": "Queue Check Theater 28d45165",
    "movie": 27,
    "time": "2026-03-25T06:47:28.496Z"
  }
},
{
  "model": "movies.theater",
  "pk": 6,
  "fields": {
    "name": "movie4 Theater 1",
    "movie": 4,
    "time": "2026-03-26T10:50:56.834Z"
  }
},
{
  "model": "movies.theater",
  "pk": 7,
  "fields": {
    "name": "movie4 Theater 2",
    "movie": 4,
    "time": "2026-03-27T10:50:56.834Z"
  }
},
{
  "model": "movies.theater",
  "pk": 8,
  "fields": {
    "name": "ergeg Theater 1",
    "movie": 5,
    "time": "2026-03-26T11:50:56.834Z"
  }
},
{
  "model": "movies.theater",
  "pk": 9,
  "fields": {
    "name": "ergeg Theater 2",
    "movie": 5,
    "time": "2026-03-27T11:50:56.834Z"
  }
},
{
  "model": "movies.theater",
  "pk": 10,
  "fields": {
    "name": "Inception Theater 1",
    "movie": 6,
    "time": "2026-03-26T12:50:56.834Z"
  }
},
{
  "model": "movies.theater",
  "pk": 11,
  "fields": {
    "name": "Inception Theater 2",
    "movie": 6,
    "time": "2026-03-27T12:50:56.834Z"
  }
},
{
  "model": "movies.theater",
  "pk": 12,
  "fields": {
    "name": "The Dark Knight Theater 1",
    "movie": 7,
    "time": "2026-03-26T13:50:56.834Z"
  }
},
{
  "model": "movies.theater",
  "pk": 13,
  "fields": {
    "name": "The Dark Knight Theater 2",
    "movie": 7,
    "time": "2026-03-27T13:50:56.834Z"
  }
},
{
  "model": "movies.theater",
  "pk": 14,
  "fields": {
    "name": "Forrest Gump Theater 1",
    "movie": 8,
    "time": "2026-03-26T14:50:56.834Z"
  }
},
{
  "model": "movies.theater",
  "pk": 15,
  "fields": {
    "name": "Forrest Gump Theater 2",
    "movie": 8,
    "time": "2026-03-27T14:50:56.834Z"
  }
},
{
  "model": "movies.theater",
  "pk": 16,
  "fields": {
    "name": "The Shawshank Redemption Theater 1",
    "movie": 9,
    "time": "2026-03-26T15:50:56.834Z"
  }
},
{
  "model": "movies.theater",
  "pk": 17,
  "fields": {
    "name": "The Shawshank Redemption Theater 2",
    "movie": 9,
    "time": "2026-03-27T15:50:56.834Z"
  }
},
{
  "model": "movies.theater",
  "pk": 18,
  "fields": {
    "name": "Pulp Fiction Theater 1",
    "movie": 10,
    "time": "2026-03-26T16:50:56.834Z"
  }
},
{
  "model": "movies.theater",
  "pk": 19,
  "fields": {
    "name": "Pulp Fiction Theater 2",
    "movie": 10,
    "time": "2026-03-27T16:50:56.834Z"
  }
},
{
  "model": "movies.theater",
  "pk": 20,
  "fields": {
    "name": "Interstellar Theater 1",
    "movie": 11,
    "time": "2026-03-26T17:50:56.834Z"
  }
},
{
  "model": "movies.theater",
  "pk": 21,
  "fields": {
    "name": "Interstellar Theater 2",
    "movie": 11,
    "time": "2026-03-27T17:50:56.834Z"
  }
},
{
  "model": "movies.theater",
  "pk": 22,
  "fields": {
    "name": "The Matrix Theater 1",
    "movie": 12,
    "time": "2026-03-26T18:50:56.834Z"
  }
},
{
  "model": "movies.theater",
  "pk": 23,
  "fields": {
    "name": "The Matrix Theater 2",
    "movie": 12,
    "time": "2026-03-27T18:50:56.834Z"
  }
},
{
  "model": "movies.theater",
  "pk": 24,
  "fields": {
    "name": "Avengers: Endgame Theater 1",
    "movie": 13,
    "time": "2026-03-26T19:50:56.834Z"
  }
},
{
  "model": "movies.theater",
  "pk": 25,
  "fields": {
    "name": "Avengers: Endgame Theater 2",
    "movie": 13,
    "time": "2026-03-27T19:50:56.834Z"
  }
},
{
  "model": "movies.theater",
  "pk": 26,
  "fields": {
    "name": "The Godfather Theater 1",
    "movie": 14,
    "time": "2026-03-26T20:50:56.834Z"
  }
},
{
  "model": "movies.theater",
  "pk": 27,
  "fields": {
    "name": "The Godfather Theater 2",
    "movie": 14,
    "time": "2026-03-27T20:50:56.834Z"
  }
},
{
  "model": "movies.theater",
  "pk": 28,
  "fields": {
    "name": "Titanic Theater 1",
    "movie": 15,
    "time": "2026-03-26T21:50:56.834Z"
  }
},
{
  "model": "movies.theater",
  "pk": 29,
  "fields": {
    "name": "Titanic Theater 2",
    "movie": 15,
    "time": "2026-03-27T21:50:56.834Z"
  }
},
{
  "model": "movies.theater",
  "pk": 30,
  "fields": {
    "name": "3 Idiots Theater 1",
    "movie": 16,
    "time": "2026-03-26T22:50:56.834Z"
  }
},
{
  "model": "movies.theater",
  "pk": 31,
  "fields": {
    "name": "3 Idiots Theater 2",
    "movie": 16,
    "time": "2026-03-27T22:50:56.834Z"
  }
},
{
  "model": "movies.theater",
  "pk": 32,
  "fields": {
    "name": "Dangal Theater 1",
    "movie": 17,
    "time": "2026-03-26T23:50:56.834Z"
  }
},
{
  "model": "movies.theater",
  "pk": 33,
  "fields": {
    "name": "Dangal Theater 2",
    "movie": 17,
    "time": "2026-03-27T23:50:56.834Z"
  }
},
{
  "model": "movies.theater",
  "pk": 34,
  "fields": {
    "name": "PK Theater 1",
    "movie": 18,
    "time": "2026-03-27T00:50:56.834Z"
  }
},
{
  "model": "movies.theater",
  "pk": 35,
  "fields": {
    "name": "PK Theater 2",
    "movie": 18,
    "time": "2026-03-28T00:50:56.834Z"
  }
},
{
  "model": "movies.theater",
  "pk": 36,
  "fields": {
    "name": "Uri: The Surgical Strike Theater 1",
    "movie": 19,
    "time": "2026-03-27T01:50:56.834Z"
  }
},
{
  "model": "movies.theater",
  "pk": 37,
  "fields": {
    "name": "Uri: The Surgical Strike Theater 2",
    "movie": 19,
    "time": "2026-03-28T01:50:56.834Z"
  }
},
{
  "model": "movies.theater",
  "pk": 38,
  "fields": {
    "name": "Kabali Theater 1",
    "movie": 20,
    "time": "2026-03-27T02:50:56.834Z"
  }
},
{
  "model": "movies.theater",
  "pk": 39,
  "fields": {
    "name": "Kabali Theater 2",
    "movie": 20,
    "time": "2026-03-28T02:50:56.834Z"
  }
},
{
  "model": "movies.theater",
  "pk": 40,
  "fields": {
    "name": "Mersal Theater 1",
    "movie": 21,
    "time": "2026-03-27T03:50:56.834Z"
  }
},
{
  "model": "movies.theater",
  "pk": 41,
  "fields": {
    "name": "Mersal Theater 2",
    "movie": 21,
    "time": "2026-03-28T03:50:56.834Z"
  }
},
{
  "model": "movies.theater",
  "pk": 42,
  "fields": {
    "name": "Baahubali Theater 1",
    "movie": 22,
    "time": "2026-03-27T04:50:56.834Z"
  }
},
{
  "model": "movies.theater",
  "pk": 43,
  "fields": {
    "name": "Baahubali Theater 2",
    "movie": 22,
    "time": "2026-03-28T04:50:56.834Z"
  }
},
{
  "model": "movies.theater",
  "pk": 44,
  "fields": {
    "name": "Eega Theater 1",
    "movie": 23,
    "time": "2026-03-27T05:50:56.834Z"
  }
},
{
  "model": "movies.theater",
  "pk": 45,
  "fields": {
    "name": "Eega Theater 2",
    "movie": 23,
    "time": "2026-03-28T05:50:56.834Z"
  }
},
{
  "model": "movies.theater",
  "pk": 46,
  "fields": {
    "name": "Chandramukhi Theater 1",
    "movie": 24,
    "time": "2026-03-27T06:50:56.834Z"
  }
},
{
  "model": "movies.theater",
  "pk": 47,
  "fields": {
    "name": "Chandramukhi Theater 2",
    "movie": 24,
    "time": "2026-03-28T06:50:56.834Z"
  }
},
{
  "model": "movies.theater",
  "pk": 48,
  "fields": {
    "name": "Ghajini Theater 1",
    "movie": 25,
    "time": "2026-03-27T07:50:56.834Z"
  }
},
{
  "model": "movies.theater",
  "pk": 49,
  "fields": {
    "name": "Ghajini Theater 2",
    "movie": 25,
    "time": "2026-03-28T07:50:56.834Z"
  }
},
{
  "model": "movies.theater",
  "pk": 50,
  "fields": {
    "name": "IMAX Screen 1",
    "movie": 28,
    "time": "2026-04-03T13:06:18.386Z"
  }
},
{
  "model": "movies.theater",
  "pk": 51,
  "fields": {
    "name": "Grand Hall 2",
    "movie": 29,
    "time": "2026-04-03T13:06:18.581Z"
  }
},
{
  "model": "movies.seat",
  "pk": 1,
  "fields": {
    "theater": 1,
    "seat_number": "a1",
    "is_booked": true,
    "is_locked": false,
    "locked_at": null,
    "locked_by_attempt": null
  }
},
{
  "model": "movies.seat",
  "pk": 2,
  "fields": {
    "theater": 1,
    "seat_number": "a2",
    "is_booked": true,
    "is_locked": false,
    "locked_at": null,
    "locked_by_attempt": null
  }
},
{
  "model": "movies.seat",
  "pk": 3,
  "fields": {
    "theater": 2,
    "seat_number": "a1",
    "is_booked": true,
    "is_locked": false,
    "locked_at": null,
    "locked_by_attempt": null
  }
},
{
  "model": "movies.seat",
  "pk": 4,
  "fields": {
    "theater": 1,
    "seat_number": "a2",
    "is_booked": true,
    "is_locked": false,
    "locked_at": null,
    "locked_by_attempt": null
  }
},
{
  "model": "movies.seat",
  "pk": 5,
  "fields": {
    "theater": 3,
    "seat_number": "a1",
    "is_booked": true,
    "is_locked": false,
    "locked_at": null,
    "locked_by_attempt": null
  }
},
{
  "model": "movies.seat",
  "pk": 6,
  "fields": {
    "theater": 3,
    "seat_number": "a2",
    "is_booked": true,
    "is_locked": false,
    "locked_at": null,
    "locked_by_attempt": null
  }
},
{
  "model": "movies.seat",
  "pk": 7,
  "fields": {
    "theater": 4,
    "seat_number": "Q1",
    "is_booked": true,
    "is_locked": false,
    "locked_at": null,
    "locked_by_attempt": null
  }
},
{
  "model": "movies.seat",
  "pk": 8,
  "fields": {
    "theater": 5,
    "seat_number": "A1",
    "is_booked": true,
    "is_locked": false,
    "locked_at": null,
    "locked_by_attempt": null
  }
},
{
  "model": "movies.seat",
  "pk": 9,
  "fields": {
    "theater": 1,
    "seat_number": "S4",
    "is_booked": false,
    "is_locked": false,
    "locked_at": null,
    "locked_by_attempt": null
  }
},
{
  "model": "movies.seat",
  "pk": 10,
  "fields": {
    "theater": 2,
    "seat_number": "S2",
    "is_booked": false,
    "is_locked": false,
    "locked_at": null,
    "locked_by_attempt": null
  }
},
{
  "model": "movies.seat",
  "pk": 11,
  "fields": {
    "theater": 2,
    "seat_number": "S3",
    "is_booked": false,
    "is_locked": false,
    "locked_at": null,
    "locked_by_attempt": null
  }
},
{
  "model": "movies.seat",
  "pk": 12,
  "fields": {
    "theater": 2,
    "seat_number": "S4",
    "is_booked": false,
    "is_locked": false,
    "locked_at": null,
    "locked_by_attempt": null
  }
},
{
  "model": "movies.seat",
  "pk": 13,
  "fields": {
    "theater": 3,
    "seat_number": "S3",
    "is_booked": false,
    "is_locked": false,
    "locked_at": null,
    "locked_by_attempt": null
  }
},
{
  "model": "movies.seat",
  "pk": 14,
  "fields": {
    "theater": 3,
    "seat_number": "S4",
    "is_booked": false,
    "is_locked": false,
    "locked_at": null,
    "locked_by_attempt": null
  }
},
{
  "model": "movies.seat",
  "pk": 15,
  "fields": {
    "theater": 6,
    "seat_number": "S1",
    "is_booked": false,
    "is_locked": false,
    "locked_at": null,
    "locked_by_attempt": null
  }
},
{
  "model": "movies.seat",
  "pk": 16,
  "fields": {
    "theater": 6,
    "seat_number": "S2",
    "is_booked": false,
    "is_locked": false,
    "locked_at": null,
    "locked_by_attempt": null
  }
},
{
  "model": "movies.seat",
  "pk": 17,
  "fields": {
    "theater": 6,
    "seat_number": "S3",
    "is_booked": false,
    "is_locked": false,
    "locked_at": null,
    "locked_by_attempt": null
  }
},
{
  "model": "movies.seat",
  "pk": 18,
  "fields": {
    "theater": 6,
    "seat_number": "S4",
    "is_booked": false,
    "is_locked": false,
    "locked_at": null,
    "locked_by_attempt": null
  }
},
{
  "model": "movies.seat",
  "pk": 19,
  "fields": {
    "theater": 7,
    "seat_number": "S1",
    "is_booked": false,
    "is_locked": false,
    "locked_at": null,
    "locked_by_attempt": null
  }
},
{
  "model": "movies.seat",
  "pk": 20,
  "fields": {
    "theater": 7,
    "seat_number": "S2",
    "is_booked": false,
    "is_locked": false,
    "locked_at": null,
    "locked_by_attempt": null
  }
},
{
  "model": "movies.seat",
  "pk": 21,
  "fields": {
    "theater": 7,
    "seat_number": "S3",
    "is_booked": false,
    "is_locked": false,
    "locked_at": null,
    "locked_by_attempt": null
  }
},
{
  "model": "movies.seat",
  "pk": 22,
  "fields": {
    "theater": 7,
    "seat_number": "S4",
    "is_booked": false,
    "is_locked": false,
    "locked_at": null,
    "locked_by_attempt": null
  }
},
{
  "model": "movies.seat",
  "pk": 23,
  "fields": {
    "theater": 8,
    "seat_number": "S1",
    "is_booked": true,
    "is_locked": false,
    "locked_at": null,
    "locked_by_attempt": null
  }
},
{
  "model": "movies.seat",
  "pk": 24,
  "fields": {
    "theater": 8,
    "seat_number": "S2",
    "is_booked": false,
    "is_locked": false,
    "locked_at": null,
    "locked_by_attempt": null
  }
},
{
  "model": "movies.seat",
  "pk": 25,
  "fields": {
    "theater": 8,
    "seat_number": "S3",
    "is_booked": false,
    "is_locked": false,
    "locked_at": null,
    "locked_by_attempt": null
  }
},
{
  "model": "movies.seat",
  "pk": 26,
  "fields": {
    "theater": 8,
    "seat_number": "S4",
    "is_booked": false,
    "is_locked": false,
    "locked_at": null,
    "locked_by_attempt": null
  }
},
{
  "model": "movies.seat",
  "pk": 27,
  "fields": {
    "theater": 9,
    "seat_number": "S1",
    "is_booked": false,
    "is_locked": false,
    "locked_at": null,
    "locked_by_attempt": null
  }
},
{
  "model": "movies.seat",
  "pk": 28,
  "fields": {
    "theater": 9,
    "seat_number": "S2",
    "is_booked": false,
    "is_locked": false,
    "locked_at": null,
    "locked_by_attempt": null
  }
},
{
  "model": "movies.seat",
  "pk": 29,
  "fields": {
    "theater": 9,
    "seat_number": "S3",
    "is_booked": false,
    "is_locked": false,
    "locked_at": null,
    "locked_by_attempt": null
  }
},
{
  "model": "movies.seat",
  "pk": 30,
  "fields": {
    "theater": 9,
    "seat_number": "S4",
    "is_booked": false,
    "is_locked": false,
    "locked_at": null,
    "locked_by_attempt": null
  }
},
{
  "model": "movies.seat",
  "pk": 31,
  "fields": {
    "theater": 10,
    "seat_number": "S1",
    "is_booked": true,
    "is_locked": false,
    "locked_at": null,
    "locked_by_attempt": null
  }
},
{
  "model": "movies.seat",
  "pk": 32,
  "fields": {
    "theater": 10,
    "seat_number": "S2",
    "is_booked": false,
    "is_locked": false,
    "locked_at": null,
    "locked_by_attempt": null
  }
},
{
  "model": "movies.seat",
  "pk": 33,
  "fields": {
    "theater": 10,
    "seat_number": "S3",
    "is_booked": false,
    "is_locked": false,
    "locked_at": null,
    "locked_by_attempt": null
  }
},
{
  "model": "movies.seat",
  "pk": 34,
  "fields": {
    "theater": 10,
    "seat_number": "S4",
    "is_booked": false,
    "is_locked": false,
    "locked_at": null,
    "locked_by_attempt": null
  }
},
{
  "model": "movies.seat",
  "pk": 35,
  "fields": {
    "theater": 11,
    "seat_number": "S1",
    "is_booked": false,
    "is_locked": false,
    "locked_at": null,
    "locked_by_attempt": null
  }
},
{
  "model": "movies.seat",
  "pk": 36,
  "fields": {
    "theater": 11,
    "seat_number": "S2",
    "is_booked": false,
    "is_locked": false,
    "locked_at": null,
    "locked_by_attempt": null
  }
},
{
  "model": "movies.seat",
  "pk": 37,
  "fields": {
    "theater": 11,
    "seat_number": "S3",
    "is_booked": false,
    "is_locked": false,
    "locked_at": null,
    "locked_by_attempt": null
  }
},
{
  "model": "movies.seat",
  "pk": 38,
  "fields": {
    "theater": 11,
    "seat_number": "S4",
    "is_booked": false,
    "is_locked": false,
    "locked_at": null,
    "locked_by_attempt": null
  }
},
{
  "model": "movies.seat",
  "pk": 39,
  "fields": {
    "theater": 12,
    "seat_number": "S1",
    "is_booked": false,
    "is_locked": false,
    "locked_at": null,
    "locked_by_attempt": null
  }
},
{
  "model": "movies.seat",
  "pk": 40,
  "fields": {
    "theater": 12,
    "seat_number": "S2",
    "is_booked": false,
    "is_locked": false,
    "locked_at": null,
    "locked_by_attempt": null
  }
},
{
  "model": "movies.seat",
  "pk": 41,
  "fields": {
    "theater": 12,
    "seat_number": "S3",
    "is_booked": false,
    "is_locked": false,
    "locked_at": null,
    "locked_by_attempt": null
  }
},
{
  "model": "movies.seat",
  "pk": 42,
  "fields": {
    "theater": 12,
    "seat_number": "S4",
    "is_booked": false,
    "is_locked": false,
    "locked_at": null,
    "locked_by_attempt": null
  }
},
{
  "model": "movies.seat",
  "pk": 43,
  "fields": {
    "theater": 13,
    "seat_number": "S1",
    "is_booked": false,
    "is_locked": false,
    "locked_at": null,
    "locked_by_attempt": null
  }
},
{
  "model": "movies.seat",
  "pk": 44,
  "fields": {
    "theater": 13,
    "seat_number": "S2",
    "is_booked": false,
    "is_locked": false,
    "locked_at": null,
    "locked_by_attempt": null
  }
},
{
  "model": "movies.seat",
  "pk": 45,
  "fields": {
    "theater": 13,
    "seat_number": "S3",
    "is_booked": false,
    "is_locked": false,
    "locked_at": null,
    "locked_by_attempt": null
  }
},
{
  "model": "movies.seat",
  "pk": 46,
  "fields": {
    "theater": 13,
    "seat_number": "S4",
    "is_booked": false,
    "is_locked": false,
    "locked_at": null,
    "locked_by_attempt": null
  }
},
{
  "model": "movies.seat",
  "pk": 47,
  "fields": {
    "theater": 14,
    "seat_number": "S1",
    "is_booked": true,
    "is_locked": false,
    "locked_at": null,
    "locked_by_attempt": null
  }
},
{
  "model": "movies.seat",
  "pk": 48,
  "fields": {
    "theater": 14,
    "seat_number": "S2",
    "is_booked": false,
    "is_locked": false,
    "locked_at": null,
    "locked_by_attempt": null
  }
},
{
  "model": "movies.seat",
  "pk": 49,
  "fields": {
    "theater": 14,
    "seat_number": "S3",
    "is_booked": false,
    "is_locked": false,
    "locked_at": null,
    "locked_by_attempt": null
  }
},
{
  "model": "movies.seat",
  "pk": 50,
  "fields": {
    "theater": 14,
    "seat_number": "S4",
    "is_booked": false,
    "is_locked": false,
    "locked_at": null,
    "locked_by_attempt": null
  }
},
{
  "model": "movies.seat",
  "pk": 51,
  "fields": {
    "theater": 15,
    "seat_number": "S1",
    "is_booked": false,
    "is_locked": false,
    "locked_at": null,
    "locked_by_attempt": null
  }
},
{
  "model": "movies.seat",
  "pk": 52,
  "fields": {
    "theater": 15,
    "seat_number": "S2",
    "is_booked": false,
    "is_locked": false,
    "locked_at": null,
    "locked_by_attempt": null
  }
},
{
  "model": "movies.seat",
  "pk": 53,
  "fields": {
    "theater": 15,
    "seat_number": "S3",
    "is_booked": false,
    "is_locked": false,
    "locked_at": null,
    "locked_by_attempt": null
  }
},
{
  "model": "movies.seat",
  "pk": 54,
  "fields": {
    "theater": 15,
    "seat_number": "S4",
    "is_booked": false,
    "is_locked": false,
    "locked_at": null,
    "locked_by_attempt": null
  }
},
{
  "model": "movies.seat",
  "pk": 55,
  "fields": {
    "theater": 16,
    "seat_number": "S1",
    "is_booked": false,
    "is_locked": false,
    "locked_at": null,
    "locked_by_attempt": 6
  }
},
{
  "model": "movies.seat",
  "pk": 56,
  "fields": {
    "theater": 16,
    "seat_number": "S2",
    "is_booked": false,
    "is_locked": false,
    "locked_at": null,
    "locked_by_attempt": null
  }
},
{
  "model": "movies.seat",
  "pk": 57,
  "fields": {
    "theater": 16,
    "seat_number": "S3",
    "is_booked": false,
    "is_locked": false,
    "locked_at": null,
    "locked_by_attempt": null
  }
},
{
  "model": "movies.seat",
  "pk": 58,
  "fields": {
    "theater": 16,
    "seat_number": "S4",
    "is_booked": false,
    "is_locked": false,
    "locked_at": null,
    "locked_by_attempt": null
  }
},
{
  "model": "movies.seat",
  "pk": 59,
  "fields": {
    "theater": 17,
    "seat_number": "S1",
    "is_booked": false,
    "is_locked": false,
    "locked_at": null,
    "locked_by_attempt": null
  }
},
{
  "model": "movies.seat",
  "pk": 60,
  "fields": {
    "theater": 17,
    "seat_number": "S2",
    "is_booked": false,
    "is_locked": false,
    "locked_at": null,
    "locked_by_attempt": null
  }
},
{
  "model": "movies.seat",
  "pk": 61,
  "fields": {
    "theater": 17,
    "seat_number": "S3",
    "is_booked": false,
    "is_locked": false,
    "locked_at": null,
    "locked_by_attempt": null
  }
},
{
  "model": "movies.seat",
  "pk": 62,
  "fields": {
    "theater": 17,
    "seat_number": "S4",
    "is_booked": false,
    "is_locked": false,
    "locked_at": null,
    "locked_by_attempt": null
  }
},
{
  "model": "movies.seat",
  "pk": 63,
  "fields": {
    "theater": 18,
    "seat_number": "S1",
    "is_booked": false,
    "is_locked": false,
    "locked_at": null,
    "locked_by_attempt": null
  }
},
{
  "model": "movies.seat",
  "pk": 64,
  "fields": {
    "theater": 18,
    "seat_number": "S2",
    "is_booked": false,
    "is_locked": false,
    "locked_at": null,
    "locked_by_attempt": null
  }
},
{
  "model": "movies.seat",
  "pk": 65,
  "fields": {
    "theater": 18,
    "seat_number": "S3",
    "is_booked": false,
    "is_locked": false,
    "locked_at": null,
    "locked_by_attempt": null
  }
},
{
  "model": "movies.seat",
  "pk": 66,
  "fields": {
    "theater": 18,
    "seat_number": "S4",
    "is_booked": false,
    "is_locked": false,
    "locked_at": null,
    "locked_by_attempt": null
  }
},
{
  "model": "movies.seat",
  "pk": 67,
  "fields": {
    "theater": 19,
    "seat_number": "S1",
    "is_booked": false,
    "is_locked": false,
    "locked_at": null,
    "locked_by_attempt": null
  }
},
{
  "model": "movies.seat",
  "pk": 68,
  "fields": {
    "theater": 19,
    "seat_number": "S2",
    "is_booked": false,
    "is_locked": false,
    "locked_at": null,
    "locked_by_attempt": null
  }
},
{
  "model": "movies.seat",
  "pk": 69,
  "fields": {
    "theater": 19,
    "seat_number": "S3",
    "is_booked": false,
    "is_locked": false,
    "locked_at": null,
    "locked_by_attempt": null
  }
},
{
  "model": "movies.seat",
  "pk": 70,
  "fields": {
    "theater": 19,
    "seat_number": "S4",
    "is_booked": false,
    "is_locked": false,
    "locked_at": null,
    "locked_by_attempt": null
  }
},
{
  "model": "movies.seat",
  "pk": 71,
  "fields": {
    "theater": 20,
    "seat_number": "S1",
    "is_booked": true,
    "is_locked": false,
    "locked_at": null,
    "locked_by_attempt": null
  }
},
{
  "model": "movies.seat",
  "pk": 72,
  "fields": {
    "theater": 20,
    "seat_number": "S2",
    "is_booked": false,
    "is_locked": false,
    "locked_at": null,
    "locked_by_attempt": null
  }
},
{
  "model": "movies.seat",
  "pk": 73,
  "fields": {
    "theater": 20,
    "seat_number": "S3",
    "is_booked": false,
    "is_locked": false,
    "locked_at": null,
    "locked_by_attempt": null
  }
},
{
  "model": "movies.seat",
  "pk": 74,
  "fields": {
    "theater": 20,
    "seat_number": "S4",
    "is_booked": false,
    "is_locked": false,
    "locked_at": null,
    "locked_by_attempt": null
  }
},
{
  "model": "movies.seat",
  "pk": 75,
  "fields": {
    "theater": 21,
    "seat_number": "S1",
    "is_booked": false,
    "is_locked": false,
    "locked_at": null,
    "locked_by_attempt": null
  }
},
{
  "model": "movies.seat",
  "pk": 76,
  "fields": {
    "theater": 21,
    "seat_number": "S2",
    "is_booked": false,
    "is_locked": false,
    "locked_at": null,
    "locked_by_attempt": null
  }
},
{
  "model": "movies.seat",
  "pk": 77,
  "fields": {
    "theater": 21,
    "seat_number": "S3",
    "is_booked": false,
    "is_locked": false,
    "locked_at": null,
    "locked_by_attempt": null
  }
},
{
  "model": "movies.seat",
  "pk": 78,
  "fields": {
    "theater": 21,
    "seat_number": "S4",
    "is_booked": false,
    "is_locked": false,
    "locked_at": null,
    "locked_by_attempt": null
  }
},
{
  "model": "movies.seat",
  "pk": 79,
  "fields": {
    "theater": 22,
    "seat_number": "S1",
    "is_booked": false,
    "is_locked": false,
    "locked_at": null,
    "locked_by_attempt": null
  }
},
{
  "model": "movies.seat",
  "pk": 80,
  "fields": {
    "theater": 22,
    "seat_number": "S2",
    "is_booked": false,
    "is_locked": false,
    "locked_at": null,
    "locked_by_attempt": null
  }
},
{
  "model": "movies.seat",
  "pk": 81,
  "fields": {
    "theater": 22,
    "seat_number": "S3",
    "is_booked": false,
    "is_locked": false,
    "locked_at": null,
    "locked_by_attempt": null
  }
},
{
  "model": "movies.seat",
  "pk": 82,
  "fields": {
    "theater": 22,
    "seat_number": "S4",
    "is_booked": false,
    "is_locked": false,
    "locked_at": null,
    "locked_by_attempt": null
  }
},
{
  "model": "movies.seat",
  "pk": 83,
  "fields": {
    "theater": 23,
    "seat_number": "S1",
    "is_booked": false,
    "is_locked": false,
    "locked_at": null,
    "locked_by_attempt": null
  }
},
{
  "model": "movies.seat",
  "pk": 84,
  "fields": {
    "theater": 23,
    "seat_number": "S2",
    "is_booked": false,
    "is_locked": false,
    "locked_at": null,
    "locked_by_attempt": null
  }
},
{
  "model": "movies.seat",
  "pk": 85,
  "fields": {
    "theater": 23,
    "seat_number": "S3",
    "is_booked": false,
    "is_locked": false,
    "locked_at": null,
    "locked_by_attempt": null
  }
},
{
  "model": "movies.seat",
  "pk": 86,
  "fields": {
    "theater": 23,
    "seat_number": "S4",
    "is_booked": false,
    "is_locked": false,
    "locked_at": null,
    "locked_by_attempt": null
  }
},
{
  "model": "movies.seat",
  "pk": 87,
  "fields": {
    "theater": 24,
    "seat_number": "S1",
    "is_booked": false,
    "is_locked": false,
    "locked_at": null,
    "locked_by_attempt": null
  }
},
{
  "model": "movies.seat",
  "pk": 88,
  "fields": {
    "theater": 24,
    "seat_number": "S2",
    "is_booked": false,
    "is_locked": false,
    "locked_at": null,
    "locked_by_attempt": null
  }
},
{
  "model": "movies.seat",
  "pk": 89,
  "fields": {
    "theater": 24,
    "seat_number": "S3",
    "is_booked": false,
    "is_locked": false,
    "locked_at": null,
    "locked_by_attempt": null
  }
},
{
  "model": "movies.seat",
  "pk": 90,
  "fields": {
    "theater": 24,
    "seat_number": "S4",
    "is_booked": false,
    "is_locked": false,
    "locked_at": null,
    "locked_by_attempt": null
  }
},
{
  "model": "movies.seat",
  "pk": 91,
  "fields": {
    "theater": 25,
    "seat_number": "S1",
    "is_booked": false,
    "is_locked": false,
    "locked_at": null,
    "locked_by_attempt": null
  }
},
{
  "model": "movies.seat",
  "pk": 92,
  "fields": {
    "theater": 25,
    "seat_number": "S2",
    "is_booked": false,
    "is_locked": false,
    "locked_at": null,
    "locked_by_attempt": null
  }
},
{
  "model": "movies.seat",
  "pk": 93,
  "fields": {
    "theater": 25,
    "seat_number": "S3",
    "is_booked": false,
    "is_locked": false,
    "locked_at": null,
    "locked_by_attempt": null
  }
},
{
  "model": "movies.seat",
  "pk": 94,
  "fields": {
    "theater": 25,
    "seat_number": "S4",
    "is_booked": false,
    "is_locked": false,
    "locked_at": null,
    "locked_by_attempt": null
  }
},
{
  "model": "movies.seat",
  "pk": 95,
  "fields": {
    "theater": 26,
    "seat_number": "S1",
    "is_booked": true,
    "is_locked": false,
    "locked_at": null,
    "locked_by_attempt": null
  }
},
{
  "model": "movies.seat",
  "pk": 96,
  "fields": {
    "theater": 26,
    "seat_number": "S2",
    "is_booked": true,
    "is_locked": false,
    "locked_at": null,
    "locked_by_attempt": null
  }
},
{
  "model": "movies.seat",
  "pk": 97,
  "fields": {
    "theater": 26,
    "seat_number": "S3",
    "is_booked": false,
    "is_locked": false,
    "locked_at": null,
    "locked_by_attempt": null
  }
},
{
  "model": "movies.seat",
  "pk": 98,
  "fields": {
    "theater": 26,
    "seat_number": "S4",
    "is_booked": false,
    "is_locked": false,
    "locked_at": null,
    "locked_by_attempt": null
  }
},
{
  "model": "movies.seat",
  "pk": 99,
  "fields": {
    "theater": 27,
    "seat_number": "S1",
    "is_booked": false,
    "is_locked": false,
    "locked_at": null,
    "locked_by_attempt": null
  }
},
{
  "model": "movies.seat",
  "pk": 100,
  "fields": {
    "theater": 27,
    "seat_number": "S2",
    "is_booked": false,
    "is_locked": false,
    "locked_at": null,
    "locked_by_attempt": null
  }
},
{
  "model": "movies.seat",
  "pk": 101,
  "fields": {
    "theater": 27,
    "seat_number": "S3",
    "is_booked": false,
    "is_locked": false,
    "locked_at": null,
    "locked_by_attempt": null
  }
},
{
  "model": "movies.seat",
  "pk": 102,
  "fields": {
    "theater": 27,
    "seat_number": "S4",
    "is_booked": false,
    "is_locked": false,
    "locked_at": null,
    "locked_by_attempt": null
  }
},
{
  "model": "movies.seat",
  "pk": 103,
  "fields": {
    "theater": 28,
    "seat_number": "S1",
    "is_booked": false,
    "is_locked": false,
    "locked_at": null,
    "locked_by_attempt": null
  }
},
{
  "model": "movies.seat",
  "pk": 104,
  "fields": {
    "theater": 28,
    "seat_number": "S2",
    "is_booked": false,
    "is_locked": false,
    "locked_at": null,
    "locked_by_attempt": null
  }
},
{
  "model": "movies.seat",
  "pk": 105,
  "fields": {
    "theater": 28,
    "seat_number": "S3",
    "is_booked": false,
    "is_locked": false,
    "locked_at": null,
    "locked_by_attempt": null
  }
},
{
  "model": "movies.seat",
  "pk": 106,
  "fields": {
    "theater": 28,
    "seat_number": "S4",
    "is_booked": false,
    "is_locked": false,
    "locked_at": null,
    "locked_by_attempt": null
  }
},
{
  "model": "movies.seat",
  "pk": 107,
  "fields": {
    "theater": 29,
    "seat_number": "S1",
    "is_booked": false,
    "is_locked": false,
    "locked_at": null,
    "locked_by_attempt": null
  }
},
{
  "model": "movies.seat",
  "pk": 108,
  "fields": {
    "theater": 29,
    "seat_number": "S2",
    "is_booked": false,
    "is_locked": false,
    "locked_at": null,
    "locked_by_attempt": null
  }
},
{
  "model": "movies.seat",
  "pk": 109,
  "fields": {
    "theater": 29,
    "seat_number": "S3",
    "is_booked": false,
    "is_locked": false,
    "locked_at": null,
    "locked_by_attempt": null
  }
},
{
  "model": "movies.seat",
  "pk": 110,
  "fields": {
    "theater": 29,
    "seat_number": "S4",
    "is_booked": false,
    "is_locked": false,
    "locked_at": null,
    "locked_by_attempt": null
  }
},
{
  "model": "movies.seat",
  "pk": 111,
  "fields": {
    "theater": 30,
    "seat_number": "S1",
    "is_booked": false,
    "is_locked": false,
    "locked_at": null,
    "locked_by_attempt": null
  }
},
{
  "model": "movies.seat",
  "pk": 112,
  "fields": {
    "theater": 30,
    "seat_number": "S2",
    "is_booked": false,
    "is_locked": false,
    "locked_at": null,
    "locked_by_attempt": null
  }
},
{
  "model": "movies.seat",
  "pk": 113,
  "fields": {
    "theater": 30,
    "seat_number": "S3",
    "is_booked": false,
    "is_locked": false,
    "locked_at": null,
    "locked_by_attempt": null
  }
},
{
  "model": "movies.seat",
  "pk": 114,
  "fields": {
    "theater": 30,
    "seat_number": "S4",
    "is_booked": false,
    "is_locked": false,
    "locked_at": null,
    "locked_by_attempt": null
  }
},
{
  "model": "movies.seat",
  "pk": 115,
  "fields": {
    "theater": 31,
    "seat_number": "S1",
    "is_booked": false,
    "is_locked": false,
    "locked_at": null,
    "locked_by_attempt": null
  }
},
{
  "model": "movies.seat",
  "pk": 116,
  "fields": {
    "theater": 31,
    "seat_number": "S2",
    "is_booked": false,
    "is_locked": false,
    "locked_at": null,
    "locked_by_attempt": null
  }
},
{
  "model": "movies.seat",
  "pk": 117,
  "fields": {
    "theater": 31,
    "seat_number": "S3",
    "is_booked": false,
    "is_locked": false,
    "locked_at": null,
    "locked_by_attempt": null
  }
},
{
  "model": "movies.seat",
  "pk": 118,
  "fields": {
    "theater": 31,
    "seat_number": "S4",
    "is_booked": false,
    "is_locked": false,
    "locked_at": null,
    "locked_by_attempt": null
  }
},
{
  "model": "movies.seat",
  "pk": 119,
  "fields": {
    "theater": 32,
    "seat_number": "S1",
    "is_booked": false,
    "is_locked": false,
    "locked_at": null,
    "locked_by_attempt": null
  }
},
{
  "model": "movies.seat",
  "pk": 120,
  "fields": {
    "theater": 32,
    "seat_number": "S2",
    "is_booked": false,
    "is_locked": false,
    "locked_at": null,
    "locked_by_attempt": null
  }
},
{
  "model": "movies.seat",
  "pk": 121,
  "fields": {
    "theater": 32,
    "seat_number": "S3",
    "is_booked": false,
    "is_locked": false,
    "locked_at": null,
    "locked_by_attempt": null
  }
},
{
  "model": "movies.seat",
  "pk": 122,
  "fields": {
    "theater": 32,
    "seat_number": "S4",
    "is_booked": false,
    "is_locked": false,
    "locked_at": null,
    "locked_by_attempt": null
  }
},
{
  "model": "movies.seat",
  "pk": 123,
  "fields": {
    "theater": 33,
    "seat_number": "S1",
    "is_booked": false,
    "is_locked": false,
    "locked_at": null,
    "locked_by_attempt": null
  }
},
{
  "model": "movies.seat",
  "pk": 124,
  "fields": {
    "theater": 33,
    "seat_number": "S2",
    "is_booked": false,
    "is_locked": false,
    "locked_at": null,
    "locked_by_attempt": null
  }
},
{
  "model": "movies.seat",
  "pk": 125,
  "fields": {
    "theater": 33,
    "seat_number": "S3",
    "is_booked": false,
    "is_locked": false,
    "locked_at": null,
    "locked_by_attempt": null
  }
},
{
  "model": "movies.seat",
  "pk": 126,
  "fields": {
    "theater": 33,
    "seat_number": "S4",
    "is_booked": false,
    "is_locked": false,
    "locked_at": null,
    "locked_by_attempt": null
  }
},
{
  "model": "movies.seat",
  "pk": 127,
  "fields": {
    "theater": 34,
    "seat_number": "S1",
    "is_booked": false,
    "is_locked": false,
    "locked_at": null,
    "locked_by_attempt": null
  }
},
{
  "model": "movies.seat",
  "pk": 128,
  "fields": {
    "theater": 34,
    "seat_number": "S2",
    "is_booked": false,
    "is_locked": false,
    "locked_at": null,
    "locked_by_attempt": null
  }
},
{
  "model": "movies.seat",
  "pk": 129,
  "fields": {
    "theater": 34,
    "seat_number": "S3",
    "is_booked": false,
    "is_locked": false,
    "locked_at": null,
    "locked_by_attempt": null
  }
},
{
  "model": "movies.seat",
  "pk": 130,
  "fields": {
    "theater": 34,
    "seat_number": "S4",
    "is_booked": false,
    "is_locked": false,
    "locked_at": null,
    "locked_by_attempt": null
  }
},
{
  "model": "movies.seat",
  "pk": 131,
  "fields": {
    "theater": 35,
    "seat_number": "S1",
    "is_booked": false,
    "is_locked": false,
    "locked_at": null,
    "locked_by_attempt": null
  }
},
{
  "model": "movies.seat",
  "pk": 132,
  "fields": {
    "theater": 35,
    "seat_number": "S2",
    "is_booked": false,
    "is_locked": false,
    "locked_at": null,
    "locked_by_attempt": null
  }
},
{
  "model": "movies.seat",
  "pk": 133,
  "fields": {
    "theater": 35,
    "seat_number": "S3",
    "is_booked": false,
    "is_locked": false,
    "locked_at": null,
    "locked_by_attempt": null
  }
},
{
  "model": "movies.seat",
  "pk": 134,
  "fields": {
    "theater": 35,
    "seat_number": "S4",
    "is_booked": false,
    "is_locked": false,
    "locked_at": null,
    "locked_by_attempt": null
  }
},
{
  "model": "movies.seat",
  "pk": 135,
  "fields": {
    "theater": 36,
    "seat_number": "S1",
    "is_booked": false,
    "is_locked": false,
    "locked_at": null,
    "locked_by_attempt": null
  }
},
{
  "model": "movies.seat",
  "pk": 136,
  "fields": {
    "theater": 36,
    "seat_number": "S2",
    "is_booked": false,
    "is_locked": false,
    "locked_at": null,
    "locked_by_attempt": null
  }
},
{
  "model": "movies.seat",
  "pk": 137,
  "fields": {
    "theater": 36,
    "seat_number": "S3",
    "is_booked": false,
    "is_locked": false,
    "locked_at": null,
    "locked_by_attempt": null
  }
},
{
  "model": "movies.seat",
  "pk": 138,
  "fields": {
    "theater": 36,
    "seat_number": "S4",
    "is_booked": false,
    "is_locked": false,
    "locked_at": null,
    "locked_by_attempt": null
  }
},
{
  "model": "movies.seat",
  "pk": 139,
  "fields": {
    "theater": 37,
    "seat_number": "S1",
    "is_booked": false,
    "is_locked": false,
    "locked_at": null,
    "locked_by_attempt": null
  }
},
{
  "model": "movies.seat",
  "pk": 140,
  "fields": {
    "theater": 37,
    "seat_number": "S2",
    "is_booked": false,
    "is_locked": false,
    "locked_at": null,
    "locked_by_attempt": null
  }
},
{
  "model": "movies.seat",
  "pk": 141,
  "fields": {
    "theater": 37,
    "seat_number": "S3",
    "is_booked": false,
    "is_locked": false,
    "locked_at": null,
    "locked_by_attempt": null
  }
},
{
  "model": "movies.seat",
  "pk": 142,
  "fields": {
    "theater": 37,
    "seat_number": "S4",
    "is_booked": false,
    "is_locked": false,
    "locked_at": null,
    "locked_by_attempt": null
  }
},
{
  "model": "movies.seat",
  "pk": 143,
  "fields": {
    "theater": 38,
    "seat_number": "S1",
    "is_booked": false,
    "is_locked": false,
    "locked_at": null,
    "locked_by_attempt": null
  }
},
{
  "model": "movies.seat",
  "pk": 144,
  "fields": {
    "theater": 38,
    "seat_number": "S2",
    "is_booked": false,
    "is_locked": false,
    "locked_at": null,
    "locked_by_attempt": null
  }
},
{
  "model": "movies.seat",
  "pk": 145,
  "fields": {
    "theater": 38,
    "seat_number": "S3",
    "is_booked": false,
    "is_locked": false,
    "locked_at": null,
    "locked_by_attempt": null
  }
},
{
  "model": "movies.seat",
  "pk": 146,
  "fields": {
    "theater": 38,
    "seat_number": "S4",
    "is_booked": false,
    "is_locked": false,
    "locked_at": null,
    "locked_by_attempt": null
  }
},
{
  "model": "movies.seat",
  "pk": 147,
  "fields": {
    "theater": 39,
    "seat_number": "S1",
    "is_booked": false,
    "is_locked": false,
    "locked_at": null,
    "locked_by_attempt": null
  }
},
{
  "model": "movies.seat",
  "pk": 148,
  "fields": {
    "theater": 39,
    "seat_number": "S2",
    "is_booked": false,
    "is_locked": false,
    "locked_at": null,
    "locked_by_attempt": null
  }
},
{
  "model": "movies.seat",
  "pk": 149,
  "fields": {
    "theater": 39,
    "seat_number": "S3",
    "is_booked": false,
    "is_locked": false,
    "locked_at": null,
    "locked_by_attempt": null
  }
},
{
  "model": "movies.seat",
  "pk": 150,
  "fields": {
    "theater": 39,
    "seat_number": "S4",
    "is_booked": false,
    "is_locked": false,
    "locked_at": null,
    "locked_by_attempt": null
  }
},
{
  "model": "movies.seat",
  "pk": 151,
  "fields": {
    "theater": 40,
    "seat_number": "S1",
    "is_booked": false,
    "is_locked": false,
    "locked_at": null,
    "locked_by_attempt": null
  }
},
{
  "model": "movies.seat",
  "pk": 152,
  "fields": {
    "theater": 40,
    "seat_number": "S2",
    "is_booked": false,
    "is_locked": false,
    "locked_at": null,
    "locked_by_attempt": null
  }
},
{
  "model": "movies.seat",
  "pk": 153,
  "fields": {
    "theater": 40,
    "seat_number": "S3",
    "is_booked": false,
    "is_locked": false,
    "locked_at": null,
    "locked_by_attempt": null
  }
},
{
  "model": "movies.seat",
  "pk": 154,
  "fields": {
    "theater": 40,
    "seat_number": "S4",
    "is_booked": false,
    "is_locked": false,
    "locked_at": null,
    "locked_by_attempt": null
  }
},
{
  "model": "movies.seat",
  "pk": 155,
  "fields": {
    "theater": 41,
    "seat_number": "S1",
    "is_booked": false,
    "is_locked": false,
    "locked_at": null,
    "locked_by_attempt": null
  }
},
{
  "model": "movies.seat",
  "pk": 156,
  "fields": {
    "theater": 41,
    "seat_number": "S2",
    "is_booked": false,
    "is_locked": false,
    "locked_at": null,
    "locked_by_attempt": null
  }
},
{
  "model": "movies.seat",
  "pk": 157,
  "fields": {
    "theater": 41,
    "seat_number": "S3",
    "is_booked": false,
    "is_locked": false,
    "locked_at": null,
    "locked_by_attempt": null
  }
},
{
  "model": "movies.seat",
  "pk": 158,
  "fields": {
    "theater": 41,
    "seat_number": "S4",
    "is_booked": false,
    "is_locked": false,
    "locked_at": null,
    "locked_by_attempt": null
  }
},
{
  "model": "movies.seat",
  "pk": 159,
  "fields": {
    "theater": 42,
    "seat_number": "S1",
    "is_booked": false,
    "is_locked": false,
    "locked_at": null,
    "locked_by_attempt": null
  }
},
{
  "model": "movies.seat",
  "pk": 160,
  "fields": {
    "theater": 42,
    "seat_number": "S2",
    "is_booked": false,
    "is_locked": false,
    "locked_at": null,
    "locked_by_attempt": null
  }
},
{
  "model": "movies.seat",
  "pk": 161,
  "fields": {
    "theater": 42,
    "seat_number": "S3",
    "is_booked": false,
    "is_locked": false,
    "locked_at": null,
    "locked_by_attempt": null
  }
},
{
  "model": "movies.seat",
  "pk": 162,
  "fields": {
    "theater": 42,
    "seat_number": "S4",
    "is_booked": false,
    "is_locked": false,
    "locked_at": null,
    "locked_by_attempt": null
  }
},
{
  "model": "movies.seat",
  "pk": 163,
  "fields": {
    "theater": 43,
    "seat_number": "S1",
    "is_booked": false,
    "is_locked": false,
    "locked_at": null,
    "locked_by_attempt": null
  }
},
{
  "model": "movies.seat",
  "pk": 164,
  "fields": {
    "theater": 43,
    "seat_number": "S2",
    "is_booked": false,
    "is_locked": false,
    "locked_at": null,
    "locked_by_attempt": null
  }
},
{
  "model": "movies.seat",
  "pk": 165,
  "fields": {
    "theater": 43,
    "seat_number": "S3",
    "is_booked": false,
    "is_locked": false,
    "locked_at": null,
    "locked_by_attempt": null
  }
},
{
  "model": "movies.seat",
  "pk": 166,
  "fields": {
    "theater": 43,
    "seat_number": "S4",
    "is_booked": false,
    "is_locked": false,
    "locked_at": null,
    "locked_by_attempt": null
  }
},
{
  "model": "movies.seat",
  "pk": 167,
  "fields": {
    "theater": 44,
    "seat_number": "S1",
    "is_booked": true,
    "is_locked": false,
    "locked_at": null,
    "locked_by_attempt": null
  }
},
{
  "model": "movies.seat",
  "pk": 168,
  "fields": {
    "theater": 44,
    "seat_number": "S2",
    "is_booked": false,
    "is_locked": false,
    "locked_at": null,
    "locked_by_attempt": null
  }
},
{
  "model": "movies.seat",
  "pk": 169,
  "fields": {
    "theater": 44,
    "seat_number": "S3",
    "is_booked": false,
    "is_locked": false,
    "locked_at": null,
    "locked_by_attempt": null
  }
},
{
  "model": "movies.seat",
  "pk": 170,
  "fields": {
    "theater": 44,
    "seat_number": "S4",
    "is_booked": false,
    "is_locked": false,
    "locked_at": null,
    "locked_by_attempt": null
  }
},
{
  "model": "movies.seat",
  "pk": 171,
  "fields": {
    "theater": 45,
    "seat_number": "S1",
    "is_booked": false,
    "is_locked": false,
    "locked_at": null,
    "locked_by_attempt": null
  }
},
{
  "model": "movies.seat",
  "pk": 172,
  "fields": {
    "theater": 45,
    "seat_number": "S2",
    "is_booked": false,
    "is_locked": false,
    "locked_at": null,
    "locked_by_attempt": null
  }
},
{
  "model": "movies.seat",
  "pk": 173,
  "fields": {
    "theater": 45,
    "seat_number": "S3",
    "is_booked": false,
    "is_locked": false,
    "locked_at": null,
    "locked_by_attempt": null
  }
},
{
  "model": "movies.seat",
  "pk": 174,
  "fields": {
    "theater": 45,
    "seat_number": "S4",
    "is_booked": false,
    "is_locked": false,
    "locked_at": null,
    "locked_by_attempt": null
  }
},
{
  "model": "movies.seat",
  "pk": 175,
  "fields": {
    "theater": 46,
    "seat_number": "S1",
    "is_booked": false,
    "is_locked": false,
    "locked_at": null,
    "locked_by_attempt": null
  }
},
{
  "model": "movies.seat",
  "pk": 176,
  "fields": {
    "theater": 46,
    "seat_number": "S2",
    "is_booked": false,
    "is_locked": false,
    "locked_at": null,
    "locked_by_attempt": null
  }
},
{
  "model": "movies.seat",
  "pk": 177,
  "fields": {
    "theater": 46,
    "seat_number": "S3",
    "is_booked": false,
    "is_locked": false,
    "locked_at": null,
    "locked_by_attempt": null
  }
},
{
  "model": "movies.seat",
  "pk": 178,
  "fields": {
    "theater": 46,
    "seat_number": "S4",
    "is_booked": false,
    "is_locked": false,
    "locked_at": null,
    "locked_by_attempt": null
  }
},
{
  "model": "movies.seat",
  "pk": 179,
  "fields": {
    "theater": 47,
    "seat_number": "S1",
    "is_booked": false,
    "is_locked": false,
    "locked_at": null,
    "locked_by_attempt": null
  }
},
{
  "model": "movies.seat",
  "pk": 180,
  "fields": {
    "theater": 47,
    "seat_number": "S2",
    "is_booked": false,
    "is_locked": false,
    "locked_at": null,
    "locked_by_attempt": null
  }
},
{
  "model": "movies.seat",
  "pk": 181,
  "fields": {
    "theater": 47,
    "seat_number": "S3",
    "is_booked": false,
    "is_locked": false,
    "locked_at": null,
    "locked_by_attempt": null
  }
},
{
  "model": "movies.seat",
  "pk": 182,
  "fields": {
    "theater": 47,
    "seat_number": "S4",
    "is_booked": false,
    "is_locked": false,
    "locked_at": null,
    "locked_by_attempt": null
  }
},
{
  "model": "movies.seat",
  "pk": 183,
  "fields": {
    "theater": 48,
    "seat_number": "S1",
    "is_booked": false,
    "is_locked": false,
    "locked_at": null,
    "locked_by_attempt": null
  }
},
{
  "model": "movies.seat",
  "pk": 184,
  "fields": {
    "theater": 48,
    "seat_number": "S2",
    "is_booked": false,
    "is_locked": false,
    "locked_at": null,
    "locked_by_attempt": null
  }
},
{
  "model": "movies.seat",
  "pk": 185,
  "fields": {
    "theater": 48,
    "seat_number": "S3",
    "is_booked": false,
    "is_locked": false,
    "locked_at": null,
    "locked_by_attempt": null
  }
},
{
  "model": "movies.seat",
  "pk": 186,
  "fields": {
    "theater": 48,
    "seat_number": "S4",
    "is_booked": false,
    "is_locked": false,
    "locked_at": null,
    "locked_by_attempt": null
  }
},
{
  "model": "movies.seat",
  "pk": 187,
  "fields": {
    "theater": 49,
    "seat_number": "S1",
    "is_booked": false,
    "is_locked": false,
    "locked_at": null,
    "locked_by_attempt": null
  }
},
{
  "model": "movies.seat",
  "pk": 188,
  "fields": {
    "theater": 49,
    "seat_number": "S2",
    "is_booked": false,
    "is_locked": false,
    "locked_at": null,
    "locked_by_attempt": null
  }
},
{
  "model": "movies.seat",
  "pk": 189,
  "fields": {
    "theater": 49,
    "seat_number": "S3",
    "is_booked": false,
    "is_locked": false,
    "locked_at": null,
    "locked_by_attempt": null
  }
},
{
  "model": "movies.seat",
  "pk": 190,
  "fields": {
    "theater": 49,
    "seat_number": "S4",
    "is_booked": false,
    "is_locked": false,
    "locked_at": null,
    "locked_by_attempt": null
  }
},
{
  "model": "movies.seat",
  "pk": 191,
  "fields": {
    "theater": 4,
    "seat_number": "S2",
    "is_booked": false,
    "is_locked": false,
    "locked_at": null,
    "locked_by_attempt": null
  }
},
{
  "model": "movies.seat",
  "pk": 192,
  "fields": {
    "theater": 4,
    "seat_number": "S3",
    "is_booked": false,
    "is_locked": false,
    "locked_at": null,
    "locked_by_attempt": null
  }
},
{
  "model": "movies.seat",
  "pk": 193,
  "fields": {
    "theater": 4,
    "seat_number": "S4",
    "is_booked": false,
    "is_locked": false,
    "locked_at": null,
    "locked_by_attempt": null
  }
},
{
  "model": "movies.seat",
  "pk": 194,
  "fields": {
    "theater": 5,
    "seat_number": "S2",
    "is_booked": true,
    "is_locked": false,
    "locked_at": null,
    "locked_by_attempt": null
  }
},
{
  "model": "movies.seat",
  "pk": 195,
  "fields": {
    "theater": 5,
    "seat_number": "S3",
    "is_booked": true,
    "is_locked": false,
    "locked_at": null,
    "locked_by_attempt": null
  }
},
{
  "model": "movies.seat",
  "pk": 196,
  "fields": {
    "theater": 5,
    "seat_number": "S4",
    "is_booked": true,
    "is_locked": false,
    "locked_at": null,
    "locked_by_attempt": null
  }
},
{
  "model": "movies.seat",
  "pk": 197,
  "fields": {
    "theater": 50,
    "seat_number": "A1",
    "is_booked": false,
    "is_locked": false,
    "locked_at": null,
    "locked_by_attempt": null
  }
},
{
  "model": "movies.seat",
  "pk": 198,
  "fields": {
    "theater": 50,
    "seat_number": "A2",
    "is_booked": false,
    "is_locked": false,
    "locked_at": null,
    "locked_by_attempt": null
  }
},
{
  "model": "movies.seat",
  "pk": 199,
  "fields": {
    "theater": 50,
    "seat_number": "A3",
    "is_booked": false,
    "is_locked": false,
    "locked_at": null,
    "locked_by_attempt": null
  }
},
{
  "model": "movies.seat",
  "pk": 200,
  "fields": {
    "theater": 50,
    "seat_number": "A4",
    "is_booked": false,
    "is_locked": false,
    "locked_at": null,
    "locked_by_attempt": null
  }
},
{
  "model": "movies.seat",
  "pk": 201,
  "fields": {
    "theater": 50,
    "seat_number": "A5",
    "is_booked": false,
    "is_locked": false,
    "locked_at": null,
    "locked_by_attempt": null
  }
},
{
  "model": "movies.seat",
  "pk": 202,
  "fields": {
    "theater": 50,
    "seat_number": "A6",
    "is_booked": false,
    "is_locked": false,
    "locked_at": null,
    "locked_by_attempt": null
  }
},
{
  "model": "movies.seat",
  "pk": 203,
  "fields": {
    "theater": 50,
    "seat_number": "B1",
    "is_booked": false,
    "is_locked": false,
    "locked_at": null,
    "locked_by_attempt": null
  }
},
{
  "model": "movies.seat",
  "pk": 204,
  "fields": {
    "theater": 50,
    "seat_number": "B2",
    "is_booked": false,
    "is_locked": false,
    "locked_at": null,
    "locked_by_attempt": null
  }
},
{
  "model": "movies.seat",
  "pk": 205,
  "fields": {
    "theater": 50,
    "seat_number": "B3",
    "is_booked": false,
    "is_locked": false,
    "locked_at": null,
    "locked_by_attempt": null
  }
},
{
  "model": "movies.seat",
  "pk": 206,
  "fields": {
    "theater": 50,
    "seat_number": "B4",
    "is_booked": false,
    "is_locked": false,
    "locked_at": null,
    "locked_by_attempt": null
  }
},
{
  "model": "movies.seat",
  "pk": 207,
  "fields": {
    "theater": 50,
    "seat_number": "B5",
    "is_booked": false,
    "is_locked": false,
    "locked_at": null,
    "locked_by_attempt": null
  }
},
{
  "model": "movies.seat",
  "pk": 208,
  "fields": {
    "theater": 50,
    "seat_number": "B6",
    "is_booked": false,
    "is_locked": false,
    "locked_at": null,
    "locked_by_attempt": null
  }
},
{
  "model": "movies.seat",
  "pk": 209,
  "fields": {
    "theater": 50,
    "seat_number": "C1",
    "is_booked": false,
    "is_locked": false,
    "locked_at": null,
    "locked_by_attempt": null
  }
},
{
  "model": "movies.seat",
  "pk": 210,
  "fields": {
    "theater": 50,
    "seat_number": "C2",
    "is_booked": false,
    "is_locked": false,
    "locked_at": null,
    "locked_by_attempt": null
  }
},
{
  "model": "movies.seat",
  "pk": 211,
  "fields": {
    "theater": 50,
    "seat_number": "C3",
    "is_booked": false,
    "is_locked": false,
    "locked_at": null,
    "locked_by_attempt": null
  }
},
{
  "model": "movies.seat",
  "pk": 212,
  "fields": {
    "theater": 50,
    "seat_number": "C4",
    "is_booked": false,
    "is_locked": false,
    "locked_at": null,
    "locked_by_attempt": null
  }
},
{
  "model": "movies.seat",
  "pk": 213,
  "fields": {
    "theater": 50,
    "seat_number": "C5",
    "is_booked": false,
    "is_locked": false,
    "locked_at": null,
    "locked_by_attempt": null
  }
},
{
  "model": "movies.seat",
  "pk": 214,
  "fields": {
    "theater": 50,
    "seat_number": "C6",
    "is_booked": false,
    "is_locked": false,
    "locked_at": null,
    "locked_by_attempt": null
  }
},
{
  "model": "movies.seat",
  "pk": 215,
  "fields": {
    "theater": 51,
    "seat_number": "A1",
    "is_booked": false,
    "is_locked": false,
    "locked_at": null,
    "locked_by_attempt": null
  }
},
{
  "model": "movies.seat",
  "pk": 216,
  "fields": {
    "theater": 51,
    "seat_number": "A2",
    "is_booked": false,
    "is_locked": false,
    "locked_at": null,
    "locked_by_attempt": null
  }
},
{
  "model": "movies.seat",
  "pk": 217,
  "fields": {
    "theater": 51,
    "seat_number": "A3",
    "is_booked": false,
    "is_locked": false,
    "locked_at": null,
    "locked_by_attempt": null
  }
},
{
  "model": "movies.seat",
  "pk": 218,
  "fields": {
    "theater": 51,
    "seat_number": "A4",
    "is_booked": false,
    "is_locked": false,
    "locked_at": null,
    "locked_by_attempt": null
  }
},
{
  "model": "movies.seat",
  "pk": 219,
  "fields": {
    "theater": 51,
    "seat_number": "A5",
    "is_booked": false,
    "is_locked": false,
    "locked_at": null,
    "locked_by_attempt": null
  }
},
{
  "model": "movies.seat",
  "pk": 220,
  "fields": {
    "theater": 51,
    "seat_number": "A6",
    "is_booked": false,
    "is_locked": false,
    "locked_at": null,
    "locked_by_attempt": null
  }
},
{
  "model": "movies.seat",
  "pk": 221,
  "fields": {
    "theater": 51,
    "seat_number": "B1",
    "is_booked": false,
    "is_locked": false,
    "locked_at": null,
    "locked_by_attempt": null
  }
},
{
  "model": "movies.seat",
  "pk": 222,
  "fields": {
    "theater": 51,
    "seat_number": "B2",
    "is_booked": false,
    "is_locked": false,
    "locked_at": null,
    "locked_by_attempt": null
  }
},
{
  "model": "movies.seat",
  "pk": 223,
  "fields": {
    "theater": 51,
    "seat_number": "B3",
    "is_booked": false,
    "is_locked": false,
    "locked_at": null,
    "locked_by_attempt": null
  }
},
{
  "model": "movies.seat",
  "pk": 224,
  "fields": {
    "theater": 51,
    "seat_number": "B4",
    "is_booked": false,
    "is_locked": false,
    "locked_at": null,
    "locked_by_attempt": null
  }
},
{
  "model": "movies.seat",
  "pk": 225,
  "fields": {
    "theater": 51,
    "seat_number": "B5",
    "is_booked": false,
    "is_locked": false,
    "locked_at": null,
    "locked_by_attempt": null
  }
},
{
  "model": "movies.seat",
  "pk": 226,
  "fields": {
    "theater": 51,
    "seat_number": "B6",
    "is_booked": false,
    "is_locked": false,
    "locked_at": null,
    "locked_by_attempt": null
  }
},
{
  "model": "movies.seat",
  "pk": 227,
  "fields": {
    "theater": 51,
    "seat_number": "C1",
    "is_booked": false,
    "is_locked": false,
    "locked_at": null,
    "locked_by_attempt": null
  }
},
{
  "model": "movies.seat",
  "pk": 228,
  "fields": {
    "theater": 51,
    "seat_number": "C2",
    "is_booked": false,
    "is_locked": false,
    "locked_at": null,
    "locked_by_attempt": null
  }
},
{
  "model": "movies.seat",
  "pk": 229,
  "fields": {
    "theater": 51,
    "seat_number": "C3",
    "is_booked": false,
    "is_locked": false,
    "locked_at": null,
    "locked_by_attempt": null
  }
},
{
  "model": "movies.seat",
  "pk": 230,
  "fields": {
    "theater": 51,
    "seat_number": "C4",
    "is_booked": false,
    "is_locked": false,
    "locked_at": null,
    "locked_by_attempt": null
  }
},
{
  "model": "movies.seat",
  "pk": 231,
  "fields": {
    "theater": 51,
    "seat_number": "C5",
    "is_booked": false,
    "is_locked": false,
    "locked_at": null,
    "locked_by_attempt": null
  }
},
{
  "model": "movies.seat",
  "pk": 232,
  "fields": {
    "theater": 51,
    "seat_number": "C6",
    "is_booked": false,
    "is_locked": false,
    "locked_at": null,
    "locked_by_attempt": null
  }
}
]
